season_name,source_snapshot_date,club_name,player_name,is_home_grown,squad_scope,source_note
2025/26,2026-02-05,AFC Bournemouth,"Adams, Tyler Shaan",0,Senior Registered Squad,Premier League updated squad lists after January 2026 transfer window
2025/26,2026-02-05,AFC Bournemouth,"Adli, Amine",0,Senior Registered Squad,Premier League updated squad lists after January 2026 transfer window
2025/26,2026-02-05,AFC Bournemouth,"Bevan, Owen Lucas",1,Senior Registered Squad,Premier League updated squad lists after January 2026 transfer window
2025/26,2026-02-05,AFC Bournemouth,"Brooks, David Robert",1,Senior Registered Squad,Premier League updated squad lists after January 2026 transfer window
2025/26,2026-02-05,AFC Bournemouth,"Christie, Ryan",0,Senior Registered Squad,Premier League updated squad lists after January 2026 transfer window
2025/26,2026-02-05,AFC Bournemouth,"Cook, Lewis John",1,Senior Registered Squad,Premier League updated squad lists after January 2026 transfer window
2025/26,2026-02-05,AFC Bournemouth,"De Lima Barbosa, Francisco Evanilson",0,Senior Registered Squad,Premier League updated squad lists after January 2026 transfer window
2025/26,2026-02-05,AFC Bournemouth,"Dennis, William Jonathon",1,Senior Registered Squad,Premier League updated squad lists after January 2026 transfer window
2025/26,2026-02-05,AFC Bournemouth,"Diakite, Bafode",0,Senior Registered Squad,Premier League updated squad lists after January 2026 transfer window
2025/26,2026-02-05,AFC Bournemouth,"Forster, Fraser Gerard",1,Senior Registered Squad,Premier League updated squad lists after January 2026 transfer window
2025/26,2026-02-05,AFC Bournemouth,"Hill, James",1,Senior Registered Squad,Premier League updated squad lists after January 2026 transfer window
2025/26,2026-02-05,AFC Bournemouth,"Kluivert, Justin Dean",0,Senior Registered Squad,Premier League updated squad lists after January 2026 transfer window
2025/26,2026-02-05,AFC Bournemouth,"Mandas, Christos",0,Senior Registered Squad,Premier League updated squad lists after January 2026 transfer window
2025/26,2026-02-05,AFC Bournemouth,"Petrovic, Djorde",0,Senior Registered Squad,Premier League updated squad lists after January 2026 transfer window
2025/26,2026-02-05,AFC Bournemouth,"Sadi, Dominic Wadi",1,Senior Registered Squad,Premier League updated squad lists after January 2026 transfer window
2025/26,2026-02-05,AFC Bournemouth,"Scott, Alex Jay",1,Senior Registered Squad,Premier League updated squad lists after January 2026 transfer window
2025/26,2026-02-05,AFC Bournemouth,"Senesi Baron, Marcos Nicolas",0,Senior Registered Squad,Premier League updated squad lists after January 2026 transfer window
2025/26,2026-02-05,AFC Bournemouth,"Smith, Adam James",1,Senior Registered Squad,Premier League updated squad lists after January 2026 transfer window
2025/26,2026-02-05,AFC Bournemouth,"Tavernier, Marcus Joseph",1,Senior Registered Squad,Premier League updated squad lists after January 2026 transfer window
2025/26,2026-02-05,AFC Bournemouth,"Truffert, Adrien Lillan Gaetan",0,Senior Registered Squad,Premier League updated squad lists after January 2026 transfer window
2025/26,2026-02-05,AFC Bournemouth,"Unal, Enes",0,Senior Registered Squad,Premier League updated squad lists after January 2026 transfer window
2025/26,2026-02-05,Arsenal,"Arrizabalaga Revuelta, Kepa",0,Senior Registered Squad,Premier League updated squad lists after January 2026 transfer window
2025/26,2026-02-05,Arsenal,"Calafiori, Riccardo",0,Senior Registered Squad,Premier League updated squad lists after January 2026 transfer window
2025/26,2026-02-05,Arsenal,"Dos Santos Magalhães, Gabriel",0,Senior Registered Squad,Premier League updated squad lists after January 2026 transfer window
2025/26,2026-02-05,Arsenal,"Eze, Eberechi Oluchi",1,Senior Registered Squad,Premier League updated squad lists after January 2026 transfer window
2025/26,2026-02-05,Arsenal,"Fernando De Jesus, Gabriel",0,Senior Registered Squad,Premier League updated squad lists after January 2026 transfer window
2025/26,2026-02-05,Arsenal,"Gyökeres, Viktor Einar",0,Senior Registered Squad,Premier League updated squad lists after January 2026 transfer window
2025/26,2026-02-05,Arsenal,"Havertz, Kai",0,Senior Registered Squad,Premier League updated squad lists after January 2026 transfer window
2025/26,2026-02-05,Arsenal,"Hincapie Reyna, Piero Martin",0,Senior Registered Squad,Premier League updated squad lists after January 2026 transfer window
2025/26,2026-02-05,Arsenal,"Madueke, Chukwunonso Azuka Tristan",1,Senior Registered Squad,Premier League updated squad lists after January 2026 transfer window
2025/26,2026-02-05,Arsenal,"Merino Zazon, Mikel",0,Senior Registered Squad,Premier League updated squad lists after January 2026 transfer window
2025/26,2026-02-05,Arsenal,"Norgaard, Christian",0,Senior Registered Squad,Premier League updated squad lists after January 2026 transfer window
2025/26,2026-02-05,Arsenal,"Odegaard, Martin",0,Senior Registered Squad,Premier League updated squad lists after January 2026 transfer window
2025/26,2026-02-05,Arsenal,"Raya Martin, David",1,Senior Registered Squad,Premier League updated squad lists after January 2026 transfer window
2025/26,2026-02-05,Arsenal,"Rice, Declan",1,Senior Registered Squad,Premier League updated squad lists after January 2026 transfer window
2025/26,2026-02-05,Arsenal,"Saka, Bukayo",1,Senior Registered Squad,Premier League updated squad lists after January 2026 transfer window
2025/26,2026-02-05,Arsenal,"Saliba, William",1,Senior Registered Squad,Premier League updated squad lists after January 2026 transfer window
2025/26,2026-02-05,Arsenal,"Teodoro Martinelli Silva, Gabriel",1,Senior Registered Squad,Premier League updated squad lists after January 2026 transfer window
2025/26,2026-02-05,Arsenal,"Timber, Jurrien",0,Senior Registered Squad,Premier League updated squad lists after January 2026 transfer window
2025/26,2026-02-05,Arsenal,"Trossard, Leandro",0,Senior Registered Squad,Premier League updated squad lists after January 2026 transfer window
2025/26,2026-02-05,Arsenal,"White, Benjamin",1,Senior Registered Squad,Premier League updated squad lists after January 2026 transfer window
2025/26,2026-02-05,Arsenal,"Zubimendi Ibáñez, Martín",0,Senior Registered Squad,Premier League updated squad lists after January 2026 transfer window
2025/26,2026-02-05,Aston Villa,"Bailey, Leon Patrick",0,Senior Registered Squad,Premier League updated squad lists after January 2026 transfer window
2025/26,2026-02-05,Aston Villa,"Bakumo-Abraham, Kevin Oghenetega Tamaraebi",1,Senior Registered Squad,Premier League updated squad lists after January 2026 transfer window
2025/26,2026-02-05,Aston Villa,"Barkley, Ross",1,Senior Registered Squad,Premier League updated squad lists after January 2026 transfer window
2025/26,2026-02-05,Aston Villa,"Bizot, Marco",0,Senior Registered Squad,Premier League updated squad lists after January 2026 transfer window
2025/26,2026-02-05,Aston Villa,"Buendia Stati, Emiliano",0,Senior Registered Squad,Premier League updated squad lists after January 2026 transfer window
2025/26,2026-02-05,Aston Villa,"Cash, Matthew Stuart",1,Senior Registered Squad,Premier League updated squad lists after January 2026 transfer window
2025/26,2026-02-05,Aston Villa,"Digne, Lucas",0,Senior Registered Squad,Premier League updated squad lists after January 2026 transfer window
2025/26,2026-02-05,Aston Villa,"Elliott, Harvey Daniel James",1,Senior Registered Squad,Premier League updated squad lists after January 2026 transfer window
2025/26,2026-02-05,Aston Villa,"Francisco Torres, Pau",0,Senior Registered Squad,Premier League updated squad lists after January 2026 transfer window
2025/26,2026-02-05,Aston Villa,"Garcia Robledo, Andres",0,Senior Registered Squad,Premier League updated squad lists after January 2026 transfer window
2025/26,2026-02-05,Aston Villa,"Kamara, Boubacar Bernard",0,Senior Registered Squad,Premier League updated squad lists after January 2026 transfer window
2025/26,2026-02-05,Aston Villa,"Konsa, Ezri Ngoyo",1,Senior Registered Squad,Premier League updated squad lists after January 2026 transfer window
2025/26,2026-02-05,Aston Villa,"Maatsen, Ian Ethan",1,Senior Registered Squad,Premier League updated squad lists after January 2026 transfer window
2025/26,2026-02-05,Aston Villa,"Martinez Romero, Damian Emiliano",1,Senior Registered Squad,Premier League updated squad lists after January 2026 transfer window
2025/26,2026-02-05,Aston Villa,"McGinn, John",0,Senior Registered Squad,Premier League updated squad lists after January 2026 transfer window
2025/26,2026-02-05,Aston Villa,"Mings, Tyrone Deon",1,Senior Registered Squad,Premier League updated squad lists after January 2026 transfer window
2025/26,2026-02-05,Aston Villa,"Mvom Onana, Amadou Ba Z",0,Senior Registered Squad,Premier League updated squad lists after January 2026 transfer window
2025/26,2026-02-05,Aston Villa,"Nilsson Lindelof, Victor Jorgen",0,Senior Registered Squad,Premier League updated squad lists after January 2026 transfer window
2025/26,2026-02-05,Aston Villa,"Rogers, Morgan Elliot",1,Senior Registered Squad,Premier League updated squad lists after January 2026 transfer window
2025/26,2026-02-05,Aston Villa,"Sancho, Jadon Malik",1,Senior Registered Squad,Premier League updated squad lists after January 2026 transfer window
2025/26,2026-02-05,Aston Villa,"Soares De Paulo, Douglas Luiz",0,Senior Registered Squad,Premier League updated squad lists after January 2026 transfer window
2025/26,2026-02-05,Aston Villa,"Tielemans, Youri Marion",0,Senior Registered Squad,Premier League updated squad lists after January 2026 transfer window
2025/26,2026-02-05,Aston Villa,"Watkins, Oliver George Arthur",1,Senior Registered Squad,Premier League updated squad lists after January 2026 transfer window
2025/26,2026-02-05,Brentford,"Adedokun, Valentino Mayowa",0,Senior Registered Squad,Premier League updated squad lists after January 2026 transfer window
2025/26,2026-02-05,Brentford,"Ajer, Kristoffer Vassbakk",0,Senior Registered Squad,Premier League updated squad lists after January 2026 transfer window
2025/26,2026-02-05,Brentford,"Balcombe, Ellery Ronald",1,Senior Registered Squad,Premier League updated squad lists after January 2026 transfer window
2025/26,2026-02-05,Brentford,"Collins, Nathan",1,Senior Registered Squad,Premier League updated squad lists after January 2026 transfer window
2025/26,2026-02-05,Brentford,"Cox, Matthew Aidan",1,Senior Registered Squad,Premier League updated squad lists after January 2026 transfer window
2025/26,2026-02-05,Brentford,"Damsgaard, Mikkel Krogh",0,Senior Registered Squad,Premier League updated squad lists after January 2026 transfer window
2025/26,2026-02-05,Brentford,"Dasilva, Pelenda Joshua Tunga",1,Senior Registered Squad,Premier League updated squad lists after January 2026 transfer window
2025/26,2026-02-05,Brentford,"Freitas Gouveia De Carvalho, Fabio Leandro",1,Senior Registered Squad,Premier League updated squad lists after January 2026 transfer window
2025/26,2026-02-05,Brentford,"Henderson, Jordan Brian",1,Senior Registered Squad,Premier League updated squad lists after January 2026 transfer window
2025/26,2026-02-05,Brentford,"Henry, Rico",1,Senior Registered Squad,Premier League updated squad lists after January 2026 transfer window
2025/26,2026-02-05,Brentford,"Hickey, Aaron Buchanan",0,Senior Registered Squad,Premier League updated squad lists after January 2026 transfer window
2025/26,2026-02-05,Brentford,"Janelt, Vitaly",0,Senior Registered Squad,Premier League updated squad lists after January 2026 transfer window
2025/26,2026-02-05,Brentford,"Jensen, Mathias",0,Senior Registered Squad,Premier League updated squad lists after January 2026 transfer window
2025/26,2026-02-05,Brentford,"Kelleher, Caoimhin Odhran",1,Senior Registered Squad,Premier League updated squad lists after January 2026 transfer window
2025/26,2026-02-05,Brentford,"Lewis-Potter, Keane William",1,Senior Registered Squad,Premier League updated squad lists after January 2026 transfer window
2025/26,2026-02-05,Brentford,"Nascimento Rodrigues, Igor Thiago",0,Senior Registered Squad,Premier League updated squad lists after January 2026 transfer window
2025/26,2026-02-05,Brentford,"Nelson, Reiss",1,Senior Registered Squad,Premier League updated squad lists after January 2026 transfer window
2025/26,2026-02-05,Brentford,"Ouattara, Dango Aboubacar Faissal",0,Senior Registered Squad,Premier League updated squad lists after January 2026 transfer window
2025/26,2026-02-05,Brentford,"Pinnock, Ethan Rupert",1,Senior Registered Squad,Premier League updated squad lists after January 2026 transfer window
2025/26,2026-02-05,Brentford,"Schade, Kevin",0,Senior Registered Squad,Premier League updated squad lists after January 2026 transfer window
2025/26,2026-02-05,Brentford,"Valdimarsson, Hakon Rafn",0,Senior Registered Squad,Premier League updated squad lists after January 2026 transfer window
2025/26,2026-02-05,Brentford,"Van Den Berg, Sepp",1,Senior Registered Squad,Premier League updated squad lists after January 2026 transfer window
2025/26,2026-02-05,Brighton & Hove Albion,"Ayari, Yasin",0,Senior Registered Squad,Premier League updated squad lists after January 2026 transfer window
2025/26,2026-02-05,Brighton & Hove Albion,"Boscagli, Olivier",0,Senior Registered Squad,Premier League updated squad lists after January 2026 transfer window
2025/26,2026-02-05,Brighton & Hove Albion,"De Cuyper, Maxim Peter",0,Senior Registered Squad,Premier League updated squad lists after January 2026 transfer window
2025/26,2026-02-05,Brighton & Hove Albion,"Dos Santos De Paulo, Igor Julio",0,Senior Registered Squad,Premier League updated squad lists after January 2026 transfer window
2025/26,2026-02-05,Brighton & Hove Albion,"Dunk, Lewis Carl",1,Senior Registered Squad,Premier League updated squad lists after January 2026 transfer window
2025/26,2026-02-05,Brighton & Hove Albion,"Gomez Amarilla, Diego Alexander",0,Senior Registered Squad,Premier League updated squad lists after January 2026 transfer window
2025/26,2026-02-05,Brighton & Hove Albion,"Gross, Pascal Alexander",0,Senior Registered Squad,Premier League updated squad lists after January 2026 transfer window
2025/26,2026-02-05,Brighton & Hove Albion,"Kadioglu, Ferdi Erenay",0,Senior Registered Squad,Premier League updated squad lists after January 2026 transfer window
2025/26,2026-02-05,Brighton & Hove Albion,"March, Soloman Benjamin",1,Senior Registered Squad,Premier League updated squad lists after January 2026 transfer window
2025/26,2026-02-05,Brighton & Hove Albion,"McGill, Thomas Peter Wayne",1,Senior Registered Squad,Premier League updated squad lists after January 2026 transfer window
2025/26,2026-02-05,Brighton & Hove Albion,"Milner, James Phillips",1,Senior Registered Squad,Premier League updated squad lists after January 2026 transfer window
2025/26,2026-02-05,Brighton & Hove Albion,"Mitoma, Kaoru",0,Senior Registered Squad,Premier League updated squad lists after January 2026 transfer window
2025/26,2026-02-05,Brighton & Hove Albion,"O'Riley, Matthew Sean",1,Senior Registered Squad,Premier League updated squad lists after January 2026 transfer window
2025/26,2026-02-05,Brighton & Hove Albion,"Rushworth, Carl Andrew",1,Senior Registered Squad,Premier League updated squad lists after January 2026 transfer window
2025/26,2026-02-05,Brighton & Hove Albion,"Rutter, Georginio",0,Senior Registered Squad,Premier League updated squad lists after January 2026 transfer window
2025/26,2026-02-05,Brighton & Hove Albion,"Steele, Jason Sean",1,Senior Registered Squad,Premier League updated squad lists after January 2026 transfer window
2025/26,2026-02-05,Brighton & Hove Albion,"Van Hecke, Jan Paul",0,Senior Registered Squad,Premier League updated squad lists after January 2026 transfer window
2025/26,2026-02-05,Brighton & Hove Albion,"Veltman, Joel Ivo",0,Senior Registered Squad,Premier League updated squad lists after January 2026 transfer window
2025/26,2026-02-05,Brighton & Hove Albion,"Verbruggen, Bart",0,Senior Registered Squad,Premier League updated squad lists after January 2026 transfer window
2025/26,2026-02-05,Brighton & Hove Albion,"Webster, Adam Harry",1,Senior Registered Squad,Premier League updated squad lists after January 2026 transfer window
2025/26,2026-02-05,Brighton & Hove Albion,"Welbeck, Daniel",1,Senior Registered Squad,Premier League updated squad lists after January 2026 transfer window
2025/26,2026-02-05,Brighton & Hove Albion,"Wieffer, Mats Henrik Berne",0,Senior Registered Squad,Premier League updated squad lists after January 2026 transfer window
2025/26,2026-02-05,Burnley,"Amdouni, Mohamed Zeki",0,Senior Registered Squad,Premier League updated squad lists after January 2026 transfer window
2025/26,2026-02-05,Burnley,"Anthony, Jaidon",1,Senior Registered Squad,Premier League updated squad lists after January 2026 transfer window
2025/26,2026-02-05,Burnley,"Barnes, Ashley",1,Senior Registered Squad,Premier League updated squad lists after January 2026 transfer window
2025/26,2026-02-05,Burnley,"Broja, Armando",1,Senior Registered Squad,Premier League updated squad lists after January 2026 transfer window
2025/26,2026-02-05,Burnley,"Dubravka, Martin",0,Senior Registered Squad,Premier League updated squad lists after January 2026 transfer window
2025/26,2026-02-05,Burnley,"Edwards, Marcus",1,Senior Registered Squad,Premier League updated squad lists after January 2026 transfer window
2025/26,2026-02-05,Burnley,"Ekdal, Hjalmar",0,Senior Registered Squad,Premier League updated squad lists after January 2026 transfer window
2025/26,2026-02-05,Burnley,"Estève, Maxime",0,Senior Registered Squad,Premier League updated squad lists after January 2026 transfer window
2025/26,2026-02-05,Burnley,"Flemming, Zian",0,Senior Registered Squad,Premier League updated squad lists after January 2026 transfer window
2025/26,2026-02-05,Burnley,"Foster, Lyle Brent",0,Senior Registered Squad,Premier League updated squad lists after January 2026 transfer window
2025/26,2026-02-05,Burnley,"Hartman, Quilindschy",0,Senior Registered Squad,Premier League updated squad lists after January 2026 transfer window
2025/26,2026-02-05,Burnley,"Hladký, Vaclav",0,Senior Registered Squad,Premier League updated squad lists after January 2026 transfer window
2025/26,2026-02-05,Burnley,"Humphreys, Bashir",1,Senior Registered Squad,Premier League updated squad lists after January 2026 transfer window
2025/26,2026-02-05,Burnley,"Larsen, Jacob Bruun",0,Senior Registered Squad,Premier League updated squad lists after January 2026 transfer window
2025/26,2026-02-05,Burnley,"Laurent, Joshua Ishaele Jacob-Heron",1,Senior Registered Squad,Premier League updated squad lists after January 2026 transfer window
2025/26,2026-02-05,Burnley,"Mejbri, Hannibal",1,Senior Registered Squad,Premier League updated squad lists after January 2026 transfer window
2025/26,2026-02-05,Burnley,"Morris Luis, Florentina Ibrain",0,Senior Registered Squad,Premier League updated squad lists after January 2026 transfer window
2025/26,2026-02-05,Burnley,"Pires Silva, Lucas",0,Senior Registered Squad,Premier League updated squad lists after January 2026 transfer window
2025/26,2026-02-05,Burnley,"Roberts, Connor",1,Senior Registered Squad,Premier League updated squad lists after January 2026 transfer window
2025/26,2026-02-05,Burnley,"Tchaouna, Loum",0,Senior Registered Squad,Premier League updated squad lists after January 2026 transfer window
2025/26,2026-02-05,Burnley,"Tresor Ndayishimiye, Mike",0,Senior Registered Squad,Premier League updated squad lists after January 2026 transfer window
2025/26,2026-02-05,Burnley,"Tuanzebe, Axel",1,Senior Registered Squad,Premier League updated squad lists after January 2026 transfer window
2025/26,2026-02-05,Burnley,"Walker, Kyle Andrew",1,Senior Registered Squad,Premier League updated squad lists after January 2026 transfer window
2025/26,2026-02-05,Burnley,"Ward-Prowse, James Michael Edward",1,Senior Registered Squad,Premier League updated squad lists after January 2026 transfer window
2025/26,2026-02-05,Burnley,"Worrall, Joseph Adrian",1,Senior Registered Squad,Premier League updated squad lists after January 2026 transfer window
2025/26,2026-02-05,Chelsea,"Adarabioyo, abdul-Nasir Oluwatosin",1,Senior Registered Squad,Premier League updated squad lists after January 2026 transfer window
2025/26,2026-02-05,Chelsea,"Badiashile Mukinayi, Benoit Ntambue",0,Senior Registered Squad,Premier League updated squad lists after January 2026 transfer window
2025/26,2026-02-05,Chelsea,"Caicedo Corozo, Moises Isaac",0,Senior Registered Squad,Premier League updated squad lists after January 2026 transfer window
2025/26,2026-02-05,Chelsea,"Chalobah, Trevoh Tom",1,Senior Registered Squad,Premier League updated squad lists after January 2026 transfer window
2025/26,2026-02-05,Chelsea,"Cucurella Saseta, Marc",0,Senior Registered Squad,Premier League updated squad lists after January 2026 transfer window
2025/26,2026-02-05,Chelsea,"Delap, Liam Rory",1,Senior Registered Squad,Premier League updated squad lists after January 2026 transfer window
2025/26,2026-02-05,Chelsea,"Fernandez, Enzo Jeremias",0,Senior Registered Squad,Premier League updated squad lists after January 2026 transfer window
2025/26,2026-02-05,Chelsea,"Fofana, Wesley Tidjan",0,Senior Registered Squad,Premier League updated squad lists after January 2026 transfer window
2025/26,2026-02-05,Chelsea,"Gusto, Malo Arthur",0,Senior Registered Squad,Premier League updated squad lists after January 2026 transfer window
2025/26,2026-02-05,Chelsea,"James, Reece",1,Senior Registered Squad,Premier League updated squad lists after January 2026 transfer window
2025/26,2026-02-05,Chelsea,"Jorgensen, Filip",0,Senior Registered Squad,Premier League updated squad lists after January 2026 transfer window
2025/26,2026-02-05,Chelsea,"Junqueira De Jesus, Joao Pedro",1,Senior Registered Squad,Premier League updated squad lists after January 2026 transfer window
2025/26,2026-02-05,Chelsea,"Lomba Neto, Pedro",0,Senior Registered Squad,Premier League updated squad lists after January 2026 transfer window
2025/26,2026-02-05,Chelsea,"Lynch Sanchez, Robert",1,Senior Registered Squad,Premier League updated squad lists after January 2026 transfer window
2025/26,2026-02-05,Chelsea,"Palmer, Cole",1,Senior Registered Squad,Premier League updated squad lists after January 2026 transfer window
2025/26,2026-02-05,Chelsea,"Samuels Colwill, Levi Lamar",1,Senior Registered Squad,Premier League updated squad lists after January 2026 transfer window
2025/26,2026-02-05,Chelsea,"Sharman-Lowe, Teddy Samuel",1,Senior Registered Squad,Premier League updated squad lists after January 2026 transfer window
2025/26,2026-02-05,Crystal Palace,"Benitez, Walter Daniel",0,Senior Registered Squad,Premier League updated squad lists after January 2026 transfer window
2025/26,2026-02-05,Crystal Palace,"Clyne, Nathaniel Edward",1,Senior Registered Squad,Premier League updated squad lists after January 2026 transfer window
2025/26,2026-02-05,Crystal Palace,"Devenny, Justin",0,Senior Registered Squad,Premier League updated squad lists after January 2026 transfer window
2025/26,2026-02-05,Crystal Palace,"Doucoure, Cheick Oumar",0,Senior Registered Squad,Premier League updated squad lists after January 2026 transfer window
2025/26,2026-02-05,Crystal Palace,"Guessand, Evann Ludovic Vidjannagni",0,Senior Registered Squad,Premier League updated squad lists after January 2026 transfer window
2025/26,2026-02-05,Crystal Palace,"Henderson, Dean Bradley",1,Senior Registered Squad,Premier League updated squad lists after January 2026 transfer window
2025/26,2026-02-05,Crystal Palace,"Hughes, William James",1,Senior Registered Squad,Premier League updated squad lists after January 2026 transfer window
2025/26,2026-02-05,Crystal Palace,"Johnson, Brennan Price",1,Senior Registered Squad,Premier League updated squad lists after January 2026 transfer window
2025/26,2026-02-05,Crystal Palace,"Kamada, Daichi",0,Senior Registered Squad,Premier League updated squad lists after January 2026 transfer window
2025/26,2026-02-05,Crystal Palace,"Lacroix, Maxence Guy",0,Senior Registered Squad,Premier League updated squad lists after January 2026 transfer window
2025/26,2026-02-05,Crystal Palace,"Larsen, Jørgen Strand",0,Senior Registered Squad,Premier League updated squad lists after January 2026 transfer window
2025/26,2026-02-05,Crystal Palace,"Lerma, Jefferson",0,Senior Registered Squad,Premier League updated squad lists after January 2026 transfer window
2025/26,2026-02-05,Crystal Palace,"Mateta, Jean-Philippe",0,Senior Registered Squad,Premier League updated squad lists after January 2026 transfer window
2025/26,2026-02-05,Crystal Palace,"Matthews, Remi Luke",1,Senior Registered Squad,Premier League updated squad lists after January 2026 transfer window
2025/26,2026-02-05,Crystal Palace,"Mitchell, Tyrick",1,Senior Registered Squad,Premier League updated squad lists after January 2026 transfer window
2025/26,2026-02-05,Crystal Palace,"Munoz Mejia, Daniel",0,Senior Registered Squad,Premier League updated squad lists after January 2026 transfer window
2025/26,2026-02-05,Crystal Palace,"Nketiah, Edward Keddar",1,Senior Registered Squad,Premier League updated squad lists after January 2026 transfer window
2025/26,2026-02-05,Crystal Palace,"Pino Santos, Yeremy Jesus",0,Senior Registered Squad,Premier League updated squad lists after January 2026 transfer window
2025/26,2026-02-05,Crystal Palace,"Riad Dnanou, Chadi",0,Senior Registered Squad,Premier League updated squad lists after January 2026 transfer window
2025/26,2026-02-05,Crystal Palace,"Richards, Christopher Jeffrey",0,Senior Registered Squad,Premier League updated squad lists after January 2026 transfer window
2025/26,2026-02-05,Crystal Palace,"Sarr, Ismaila",0,Senior Registered Squad,Premier League updated squad lists after January 2026 transfer window
2025/26,2026-02-05,Crystal Palace,"Sosa, Borna",0,Senior Registered Squad,Premier League updated squad lists after January 2026 transfer window
2025/26,2026-02-05,Crystal Palace,"Uche, Christantus Ugonna",0,Senior Registered Squad,Premier League updated squad lists after January 2026 transfer window
2025/26,2026-02-05,Everton,"Alcaraz Durán, Carlos Jonas",0,Senior Registered Squad,Premier League updated squad lists after January 2026 transfer window
2025/26,2026-02-05,Everton,"Barry, Thierno Mamadou",0,Senior Registered Squad,Premier League updated squad lists after January 2026 transfer window
2025/26,2026-02-05,Everton,"Branthwaite, Jarrad Paul",1,Senior Registered Squad,Premier League updated squad lists after January 2026 transfer window
2025/26,2026-02-05,Everton,"Coleman, Seamus",0,Senior Registered Squad,Premier League updated squad lists after January 2026 transfer window
2025/26,2026-02-05,Everton,"Dewsbury-Hall, Kiernan Frank",1,Senior Registered Squad,Premier League updated squad lists after January 2026 transfer window
2025/26,2026-02-05,Everton,"Garner, James David",1,Senior Registered Squad,Premier League updated squad lists after January 2026 transfer window
2025/26,2026-02-05,Everton,"Gomes Betuncal, Norberto Bercique",0,Senior Registered Squad,Premier League updated squad lists after January 2026 transfer window
2025/26,2026-02-05,Everton,"Grealish, Jack Peter",1,Senior Registered Squad,Premier League updated squad lists after January 2026 transfer window
2025/26,2026-02-05,Everton,"Gueye, Idrissa Gana",0,Senior Registered Squad,Premier League updated squad lists after January 2026 transfer window
2025/26,2026-02-05,Everton,"Iroegbunam, Timothy Emeka",1,Senior Registered Squad,Premier League updated squad lists after January 2026 transfer window
2025/26,2026-02-05,Everton,"Keane, Michael Vincent",1,Senior Registered Squad,Premier League updated squad lists after January 2026 transfer window
2025/26,2026-02-05,Everton,"King, Thomas Lloyd",1,Senior Registered Squad,Premier League updated squad lists after January 2026 transfer window
2025/26,2026-02-05,Everton,"McNeil, Dwight James Matthew",1,Senior Registered Squad,Premier League updated squad lists after January 2026 transfer window
2025/26,2026-02-05,Everton,"Mykolenko, Vitalii",0,Senior Registered Squad,Premier League updated squad lists after January 2026 transfer window
2025/26,2026-02-05,Everton,"Ndiaye, Iliman-Cheikh Baroy",0,Senior Registered Squad,Premier League updated squad lists after January 2026 transfer window
2025/26,2026-02-05,Everton,"O'Brien, Jake Patrick",0,Senior Registered Squad,Premier League updated squad lists after January 2026 transfer window
2025/26,2026-02-05,Everton,"Patterson, Nathan Kenneth",0,Senior Registered Squad,Premier League updated squad lists after January 2026 transfer window
2025/26,2026-02-05,Everton,"Pickford, Jordan Lee",1,Senior Registered Squad,Premier League updated squad lists after January 2026 transfer window
2025/26,2026-02-05,Everton,"Röhl, Merlin",0,Senior Registered Squad,Premier League updated squad lists after January 2026 transfer window
2025/26,2026-02-05,Everton,"Tarkowski, James Alan",1,Senior Registered Squad,Premier League updated squad lists after January 2026 transfer window
2025/26,2026-02-05,Everton,"Travers, Mark John",1,Senior Registered Squad,Premier League updated squad lists after January 2026 transfer window
2025/26,2026-02-05,Everton,"Welch, Reece Belfield",1,Senior Registered Squad,Premier League updated squad lists after January 2026 transfer window
2025/26,2026-02-05,Fulham,"Andersen, Joachim Christian",0,Senior Registered Squad,Premier League updated squad lists after January 2026 transfer window
2025/26,2026-02-05,Fulham,"Bassey, Calvin",1,Senior Registered Squad,Premier League updated squad lists after January 2026 transfer window
2025/26,2026-02-05,Fulham,"Berge, Sander Gard Bolin",0,Senior Registered Squad,Premier League updated squad lists after January 2026 transfer window
2025/26,2026-02-05,Fulham,"Bobb, Oscar",1,Senior Registered Squad,Premier League updated squad lists after January 2026 transfer window
2025/26,2026-02-05,Fulham,"Borto, Alexander Paul",1,Senior Registered Squad,Premier League updated squad lists after January 2026 transfer window
2025/26,2026-02-05,Fulham,"Cairney, Thomas",1,Senior Registered Squad,Premier League updated squad lists after January 2026 transfer window
2025/26,2026-02-05,Fulham,"Castagne, Timothy",0,Senior Registered Squad,Premier League updated squad lists after January 2026 transfer window
2025/26,2026-02-05,Fulham,"Chukwueze, Samuel Chimerenka",0,Senior Registered Squad,Premier League updated squad lists after January 2026 transfer window
2025/26,2026-02-05,Fulham,"Cuenca Barreno, Jorge",0,Senior Registered Squad,Premier League updated squad lists after January 2026 transfer window
2025/26,2026-02-05,Fulham,"Diop, Issa Laye Lucas Jean",0,Senior Registered Squad,Premier League updated squad lists after January 2026 transfer window
2025/26,2026-02-05,Fulham,"Iwobi, Alexander Chuka",1,Senior Registered Squad,Premier League updated squad lists after January 2026 transfer window
2025/26,2026-02-05,Fulham,"Jiménez Rodríguez, Raúl Alonso",0,Senior Registered Squad,Premier League updated squad lists after January 2026 transfer window
2025/26,2026-02-05,Fulham,"Lecomte, Benjamin Pascal",0,Senior Registered Squad,Premier League updated squad lists after January 2026 transfer window
2025/26,2026-02-05,Fulham,"Leno, Bernd",0,Senior Registered Squad,Premier League updated squad lists after January 2026 transfer window
2025/26,2026-02-05,Fulham,"Lukic, Sasa",0,Senior Registered Squad,Premier League updated squad lists after January 2026 transfer window
2025/26,2026-02-05,Fulham,"Muniz Carvalho, Rodrigo",0,Senior Registered Squad,Premier League updated squad lists after January 2026 transfer window
2025/26,2026-02-05,Fulham,"Reed, Harrison James",1,Senior Registered Squad,Premier League updated squad lists after January 2026 transfer window
2025/26,2026-02-05,Fulham,"Robinson, Antonee",1,Senior Registered Squad,Premier League updated squad lists after January 2026 transfer window
2025/26,2026-02-05,Fulham,"Santos Lopes de Macedo, Kevin",0,Senior Registered Squad,Premier League updated squad lists after January 2026 transfer window
2025/26,2026-02-05,Fulham,"Sessegnon, Kouassi Ryan",1,Senior Registered Squad,Premier League updated squad lists after January 2026 transfer window
2025/26,2026-02-05,Fulham,"Smith Rowe, Emile",1,Senior Registered Squad,Premier League updated squad lists after January 2026 transfer window
2025/26,2026-02-05,Fulham,"Tete, Kenny Joelle",0,Senior Registered Squad,Premier League updated squad lists after January 2026 transfer window
2025/26,2026-02-05,Fulham,"Wilson, Harry",1,Senior Registered Squad,Premier League updated squad lists after January 2026 transfer window
2025/26,2026-02-05,Leeds United,"Aaronson, Brenden Russell",0,Senior Registered Squad,Premier League updated squad lists after January 2026 transfer window
2025/26,2026-02-05,Leeds United,"Ampadu, Ethan Kwame Colm Raymond",1,Senior Registered Squad,Premier League updated squad lists after January 2026 transfer window
2025/26,2026-02-05,Leeds United,"Bijol, Jaka",0,Senior Registered Squad,Premier League updated squad lists after January 2026 transfer window
2025/26,2026-02-05,Leeds United,"Bogle, Jayden Ian",1,Senior Registered Squad,Premier League updated squad lists after January 2026 transfer window
2025/26,2026-02-05,Leeds United,"Bornauw, Sebastiaan",0,Senior Registered Squad,Premier League updated squad lists after January 2026 transfer window
2025/26,2026-02-05,Leeds United,"Byram, Samuel Mark",1,Senior Registered Squad,Premier League updated squad lists after January 2026 transfer window
2025/26,2026-02-05,Leeds United,"Cairns, Alex Thomas",1,Senior Registered Squad,Premier League updated squad lists after January 2026 transfer window
2025/26,2026-02-05,Leeds United,"Calvert-Lewin, Dominic",1,Senior Registered Squad,Premier League updated squad lists after January 2026 transfer window
2025/26,2026-02-05,Leeds United,"Darlow, Karl",1,Senior Registered Squad,Premier League updated squad lists after January 2026 transfer window
2025/26,2026-02-05,Leeds United,"Gnonto, Degnand Wilfried",0,Senior Registered Squad,Premier League updated squad lists after January 2026 transfer window
2025/26,2026-02-05,Leeds United,"Gruev, Ilia",0,Senior Registered Squad,Premier League updated squad lists after January 2026 transfer window
2025/26,2026-02-05,Leeds United,"Gudmundsson, Gabriel Johan",0,Senior Registered Squad,Premier League updated squad lists after January 2026 transfer window
2025/26,2026-02-05,Leeds United,"James, Daniel Owen",1,Senior Registered Squad,Premier League updated squad lists after January 2026 transfer window
2025/26,2026-02-05,Leeds United,"Justin, James MIchael",1,Senior Registered Squad,Premier League updated squad lists after January 2026 transfer window
2025/26,2026-02-05,Leeds United,"Longstaff, Sean David",1,Senior Registered Squad,Premier League updated squad lists after January 2026 transfer window
2025/26,2026-02-05,Leeds United,"Meslier, Illan Stephane",0,Senior Registered Squad,Premier League updated squad lists after January 2026 transfer window
2025/26,2026-02-05,Leeds United,"Nmecha, Lukas Okechukwu",1,Senior Registered Squad,Premier League updated squad lists after January 2026 transfer window
2025/26,2026-02-05,Leeds United,"Okafor, Noah Arinzechukwu",0,Senior Registered Squad,Premier League updated squad lists after January 2026 transfer window
2025/26,2026-02-05,Leeds United,"Perri, Lucas Estella",0,Senior Registered Squad,Premier League updated squad lists after January 2026 transfer window
2025/26,2026-02-05,Leeds United,"Piroe, Joel Mohammed Ramzan",0,Senior Registered Squad,Premier League updated squad lists after January 2026 transfer window
2025/26,2026-02-05,Leeds United,"Rodon, Joseph Peter",1,Senior Registered Squad,Premier League updated squad lists after January 2026 transfer window
2025/26,2026-02-05,Leeds United,"Stach, Anton Levi",0,Senior Registered Squad,Premier League updated squad lists after January 2026 transfer window
2025/26,2026-02-05,Leeds United,"Struijk, Pascal Augustus",1,Senior Registered Squad,Premier League updated squad lists after January 2026 transfer window
2025/26,2026-02-05,Leeds United,"Tanaka, Ao",0,Senior Registered Squad,Premier League updated squad lists after January 2026 transfer window
2025/26,2026-02-05,Liverpool,"Beck, Owen Michael",1,Senior Registered Squad,Premier League updated squad lists after January 2026 transfer window
2025/26,2026-02-05,Liverpool,"Becker, Alisson Ramses",0,Senior Registered Squad,Premier League updated squad lists after January 2026 transfer window
2025/26,2026-02-05,Liverpool,"Bradley, Conor",1,Senior Registered Squad,Premier League updated squad lists after January 2026 transfer window
2025/26,2026-02-05,Liverpool,"Chiesa, Federico",0,Senior Registered Squad,Premier League updated squad lists after January 2026 transfer window
2025/26,2026-02-05,Liverpool,"Davies, Harvey",1,Senior Registered Squad,Premier League updated squad lists after January 2026 transfer window
2025/26,2026-02-05,Liverpool,"Ekitiké, Hugo Timothée",0,Senior Registered Squad,Premier League updated squad lists after January 2026 transfer window
2025/26,2026-02-05,Liverpool,"Endo, Wataru",0,Senior Registered Squad,Premier League updated squad lists after January 2026 transfer window
2025/26,2026-02-05,Liverpool,"Frimpong, Jeremie",1,Senior Registered Squad,Premier League updated squad lists after January 2026 transfer window
2025/26,2026-02-05,Liverpool,"Gakpo, Cody",0,Senior Registered Squad,Premier League updated squad lists after January 2026 transfer window
2025/26,2026-02-05,Liverpool,"Gomez, Joseph David",1,Senior Registered Squad,Premier League updated squad lists after January 2026 transfer window
2025/26,2026-02-05,Liverpool,"Gravenberch, Ryan Jiro",0,Senior Registered Squad,Premier League updated squad lists after January 2026 transfer window
2025/26,2026-02-05,Liverpool,"Isak, Alexander",0,Senior Registered Squad,Premier League updated squad lists after January 2026 transfer window
2025/26,2026-02-05,Liverpool,"Jones, Curtis",1,Senior Registered Squad,Premier League updated squad lists after January 2026 transfer window
2025/26,2026-02-05,Liverpool,"Kerkez, Milos",0,Senior Registered Squad,Premier League updated squad lists after January 2026 transfer window
2025/26,2026-02-05,Liverpool,"Konate, Ibrahima",0,Senior Registered Squad,Premier League updated squad lists after January 2026 transfer window
2025/26,2026-02-05,Liverpool,"Mac Allister, Alexis",0,Senior Registered Squad,Premier League updated squad lists after January 2026 transfer window
2025/26,2026-02-05,Liverpool,"Mamardashvili, Giorgi",0,Senior Registered Squad,Premier League updated squad lists after January 2026 transfer window
2025/26,2026-02-05,Liverpool,"Ramsay, Calvin",0,Senior Registered Squad,Premier League updated squad lists after January 2026 transfer window
2025/26,2026-02-05,Liverpool,"Robertson, Andrew",0,Senior Registered Squad,Premier League updated squad lists after January 2026 transfer window
2025/26,2026-02-05,Liverpool,"Salah, Mohamed",0,Senior Registered Squad,Premier League updated squad lists after January 2026 transfer window
2025/26,2026-02-05,Liverpool,"Szoboszlai, Dominik",0,Senior Registered Squad,Premier League updated squad lists after January 2026 transfer window
2025/26,2026-02-05,Liverpool,"Van Dijk, Virgil",0,Senior Registered Squad,Premier League updated squad lists after January 2026 transfer window
2025/26,2026-02-05,Liverpool,"Williams, Rhys",1,Senior Registered Squad,Premier League updated squad lists after January 2026 transfer window
2025/26,2026-02-05,Liverpool,"Wirtz, Florian Richard",0,Senior Registered Squad,Premier League updated squad lists after January 2026 transfer window
2025/26,2026-02-05,Liverpool,"Woodman, Frederick John",1,Senior Registered Squad,Premier League updated squad lists after January 2026 transfer window
2025/26,2026-02-05,Manchester City,"Ait-Nouri, Rayan",0,Senior Registered Squad,Premier League updated squad lists after January 2026 transfer window
2025/26,2026-02-05,Manchester City,"Ake, Nathan Benjamin",1,Senior Registered Squad,Premier League updated squad lists after January 2026 transfer window
2025/26,2026-02-05,Manchester City,"Bettinelli, Marcus",1,Senior Registered Squad,Premier League updated squad lists after January 2026 transfer window
2025/26,2026-02-05,Manchester City,"Cherki, Rayan Mathis",0,Senior Registered Squad,Premier League updated squad lists after January 2026 transfer window
2025/26,2026-02-05,Manchester City,"Doku, Jeremy Baffour",0,Senior Registered Squad,Premier League updated squad lists after January 2026 transfer window
2025/26,2026-02-05,Manchester City,"Donnarumma, Gianluigi",0,Senior Registered Squad,Premier League updated squad lists after January 2026 transfer window
2025/26,2026-02-05,Manchester City,"Dos Santos Gato Alves Dias, Ruben",0,Senior Registered Squad,Premier League updated squad lists after January 2026 transfer window
2025/26,2026-02-05,Manchester City,"Foden, Philip Walter",1,Senior Registered Squad,Premier League updated squad lists after January 2026 transfer window
2025/26,2026-02-05,Manchester City,"Gonzalez Iglesias, Nicolas",0,Senior Registered Squad,Premier League updated squad lists after January 2026 transfer window
2025/26,2026-02-05,Manchester City,"Guehi, Addji Keaninkin Marc-Israel",1,Senior Registered Squad,Premier League updated squad lists after January 2026 transfer window
2025/26,2026-02-05,Manchester City,"Gvardiol, Josko",0,Senior Registered Squad,Premier League updated squad lists after January 2026 transfer window
2025/26,2026-02-05,Manchester City,"Haaland, Erling Braut",0,Senior Registered Squad,Premier League updated squad lists after January 2026 transfer window
2025/26,2026-02-05,Manchester City,"Hernandez Cascante, Rodrigo",0,Senior Registered Squad,Premier League updated squad lists after January 2026 transfer window
2025/26,2026-02-05,Manchester City,"Kovacic, Mateo",0,Senior Registered Squad,Premier League updated squad lists after January 2026 transfer window
2025/26,2026-02-05,Manchester City,"Marmoush, Omar Khaled",0,Senior Registered Squad,Premier League updated squad lists after January 2026 transfer window
2025/26,2026-02-05,Manchester City,"Mota Veiga De Carvalho E Silva, Bernardo",0,Senior Registered Squad,Premier League updated squad lists after January 2026 transfer window
2025/26,2026-02-05,Manchester City,"Nunes, Matheus Luiz",0,Senior Registered Squad,Premier League updated squad lists after January 2026 transfer window
2025/26,2026-02-05,Manchester City,"Reijnders, Tijjani Martinus Jan",0,Senior Registered Squad,Premier League updated squad lists after January 2026 transfer window
2025/26,2026-02-05,Manchester City,"Semenyo, Antoine Serlom",1,Senior Registered Squad,Premier League updated squad lists after January 2026 transfer window
2025/26,2026-02-05,Manchester City,"Stones, John",1,Senior Registered Squad,Premier League updated squad lists after January 2026 transfer window
2025/26,2026-02-05,Manchester City,"Trafford, James Harrington",1,Senior Registered Squad,Premier League updated squad lists after January 2026 transfer window
2025/26,2026-02-05,Manchester United,"Bayindir, Altay",0,Senior Registered Squad,Premier League updated squad lists after January 2026 transfer window
2025/26,2026-02-05,Manchester United,"Borges Fernandes, Bruno Miguel",0,Senior Registered Squad,Premier League updated squad lists after January 2026 transfer window
2025/26,2026-02-05,Manchester United,"Casimiro, Carlos Henrique",0,Senior Registered Squad,Premier League updated squad lists after January 2026 transfer window
2025/26,2026-02-05,Manchester United,"Dalot Teixeira, Jose Diogo",0,Senior Registered Squad,Premier League updated squad lists after January 2026 transfer window
2025/26,2026-02-05,Manchester United,"De Ligt, Matthijs",0,Senior Registered Squad,Premier League updated squad lists after January 2026 transfer window
2025/26,2026-02-05,Manchester United,"Diallo, Amad",1,Senior Registered Squad,Premier League updated squad lists after January 2026 transfer window
2025/26,2026-02-05,Manchester United,"Heaton, Thomas David",1,Senior Registered Squad,Premier League updated squad lists after January 2026 transfer window
2025/26,2026-02-05,Manchester United,"Lammens, Senne",0,Senior Registered Squad,Premier League updated squad lists after January 2026 transfer window
2025/26,2026-02-05,Manchester United,"Maguire, Harry Jacob",1,Senior Registered Squad,Premier League updated squad lists after January 2026 transfer window
2025/26,2026-02-05,Manchester United,"Malacia, Tyrell Johannes Chicco",0,Senior Registered Squad,Premier League updated squad lists after January 2026 transfer window
2025/26,2026-02-05,Manchester United,"Martinez, Lisandro",0,Senior Registered Squad,Premier League updated squad lists after January 2026 transfer window
2025/26,2026-02-05,Manchester United,"Mazraoui, Noussair",0,Senior Registered Squad,Premier League updated squad lists after January 2026 transfer window
2025/26,2026-02-05,Manchester United,"Mbeumo, Bryan Tetsadong Marceau",0,Senior Registered Squad,Premier League updated squad lists after January 2026 transfer window
2025/26,2026-02-05,Manchester United,"Mee, Dermot William",1,Senior Registered Squad,Premier League updated squad lists after January 2026 transfer window
2025/26,2026-02-05,Manchester United,"Mount, Mason Tony",1,Senior Registered Squad,Premier League updated squad lists after January 2026 transfer window
2025/26,2026-02-05,Manchester United,"Santos Carneiro da Cunha, Matheus",0,Senior Registered Squad,Premier League updated squad lists after January 2026 transfer window
2025/26,2026-02-05,Manchester United,"Sesko, Benjamin",0,Senior Registered Squad,Premier League updated squad lists after January 2026 transfer window
2025/26,2026-02-05,Manchester United,"Shaw, Luke Paul Hoare",1,Senior Registered Squad,Premier League updated squad lists after January 2026 transfer window
2025/26,2026-02-05,Manchester United,"Ugarte Ribeiro, Manuel",0,Senior Registered Squad,Premier League updated squad lists after January 2026 transfer window
2025/26,2026-02-05,Manchester United,"Zirkzee, Joshua Orobosa",0,Senior Registered Squad,Premier League updated squad lists after January 2026 transfer window
2025/26,2026-02-05,Newcastle United,"Apolinario De Lira, Joelinton Cassio",0,Senior Registered Squad,Premier League updated squad lists after January 2026 transfer window
2025/26,2026-02-05,Newcastle United,"Barnes, Harvey Lewis",1,Senior Registered Squad,Premier League updated squad lists after January 2026 transfer window
2025/26,2026-02-05,Newcastle United,"Botman, Sven Adriaan",0,Senior Registered Squad,Premier League updated squad lists after January 2026 transfer window
2025/26,2026-02-05,Newcastle United,"Burn, Daniel Johnson",1,Senior Registered Squad,Premier League updated squad lists after January 2026 transfer window
2025/26,2026-02-05,Newcastle United,"Elanga, Anthony David Junior",1,Senior Registered Squad,Premier League updated squad lists after January 2026 transfer window
2025/26,2026-02-05,Newcastle United,"Gillespie, Mark Joseph",1,Senior Registered Squad,Premier League updated squad lists after January 2026 transfer window
2025/26,2026-02-05,Newcastle United,"Gordon, Anthony Michael",1,Senior Registered Squad,Premier League updated squad lists after January 2026 transfer window
2025/26,2026-02-05,Newcastle United,"Guimaraes Rodriguez Moura, Bruno",0,Senior Registered Squad,Premier League updated squad lists after January 2026 transfer window
2025/26,2026-02-05,Newcastle United,"Kraft, Emil Henry Kristoffer",0,Senior Registered Squad,Premier League updated squad lists after January 2026 transfer window
2025/26,2026-02-05,Newcastle United,"Livramento, Valentino",1,Senior Registered Squad,Premier League updated squad lists after January 2026 transfer window
2025/26,2026-02-05,Newcastle United,"Murphy, Jacob Kai",1,Senior Registered Squad,Premier League updated squad lists after January 2026 transfer window
2025/26,2026-02-05,Newcastle United,"Osula, William Idamudia Daugaard",1,Senior Registered Squad,Premier League updated squad lists after January 2026 transfer window
2025/26,2026-02-05,Newcastle United,"Pope, Nicholas David",1,Senior Registered Squad,Premier League updated squad lists after January 2026 transfer window
2025/26,2026-02-05,Newcastle United,"Ramsdale, Aaron",1,Senior Registered Squad,Premier League updated squad lists after January 2026 transfer window
2025/26,2026-02-05,Newcastle United,"Ramsey, Jacob Matthew Decourcey",1,Senior Registered Squad,Premier League updated squad lists after January 2026 transfer window
2025/26,2026-02-05,Newcastle United,"Ruddy, John Thomas Gordon",1,Senior Registered Squad,Premier League updated squad lists after January 2026 transfer window
2025/26,2026-02-05,Newcastle United,"Schar, Fabian Lukas",0,Senior Registered Squad,Premier League updated squad lists after January 2026 transfer window
2025/26,2026-02-05,Newcastle United,"Thiaw, Malick",0,Senior Registered Squad,Premier League updated squad lists after January 2026 transfer window
2025/26,2026-02-05,Newcastle United,"Tonali, Sandro",0,Senior Registered Squad,Premier League updated squad lists after January 2026 transfer window
2025/26,2026-02-05,Newcastle United,"Trippier, Kieran John",1,Senior Registered Squad,Premier League updated squad lists after January 2026 transfer window
2025/26,2026-02-05,Newcastle United,"Willock, Joseph George",1,Senior Registered Squad,Premier League updated squad lists after January 2026 transfer window
2025/26,2026-02-05,Newcastle United,"Wissa, Yoane",0,Senior Registered Squad,Premier League updated squad lists after January 2026 transfer window
2025/26,2026-02-05,Newcastle United,"Woltemade, Nick",0,Senior Registered Squad,Premier League updated squad lists after January 2026 transfer window
2025/26,2026-02-05,Nottingham Forest,"Aina, Temitayo Olufisayo Olaoluwa",1,Senior Registered Squad,Premier League updated squad lists after January 2026 transfer window
2025/26,2026-02-05,Nottingham Forest,"Anderson, Elliot Junior",1,Senior Registered Squad,Premier League updated squad lists after January 2026 transfer window
2025/26,2026-02-05,Nottingham Forest,"Awoniyi, Taiwo Micheal",1,Senior Registered Squad,Premier League updated squad lists after January 2026 transfer window
2025/26,2026-02-05,Nottingham Forest,"Bakwa, Dilane Ros-Anderson",0,Senior Registered Squad,Premier League updated squad lists after January 2026 transfer window
2025/26,2026-02-05,Nottingham Forest,"Costa Dos Santos, Murillo Santiago",0,Senior Registered Squad,Premier League updated squad lists after January 2026 transfer window
2025/26,2026-02-05,Nottingham Forest,"Dominguez, Nicolas Martin",0,Senior Registered Squad,Premier League updated squad lists after January 2026 transfer window
2025/26,2026-02-05,Nottingham Forest,"Gibbs-White, Morgan Anthony",1,Senior Registered Squad,Premier League updated squad lists after January 2026 transfer window
2025/26,2026-02-05,Nottingham Forest,"Giraud-Hutchinson, Omari Elijah",1,Senior Registered Squad,Premier League updated squad lists after January 2026 transfer window
2025/26,2026-02-05,Nottingham Forest,"Gunn, Angus Fraser James",1,Senior Registered Squad,Premier League updated squad lists after January 2026 transfer window
2025/26,2026-02-05,Nottingham Forest,"Hudson-Odoi, Callum James",1,Senior Registered Squad,Premier League updated squad lists after January 2026 transfer window
2025/26,2026-02-05,Nottingham Forest,"Lucca, Lorenzo",0,Senior Registered Squad,Premier League updated squad lists after January 2026 transfer window
2025/26,2026-02-05,Nottingham Forest,"Maciel Da Cruz, Igor Jesus",0,Senior Registered Squad,Premier League updated squad lists after January 2026 transfer window
2025/26,2026-02-05,Nottingham Forest,"Maciel Furtado, John Victor",0,Senior Registered Squad,Premier League updated squad lists after January 2026 transfer window
2025/26,2026-02-05,Nottingham Forest,"McAtee, James John",1,Senior Registered Squad,Premier League updated squad lists after January 2026 transfer window
2025/26,2026-02-05,Nottingham Forest,"Milenkovic, Nikola",0,Senior Registered Squad,Premier League updated squad lists after January 2026 transfer window
2025/26,2026-02-05,Nottingham Forest,"Ndoye, Dan",0,Senior Registered Squad,Premier League updated squad lists after January 2026 transfer window
2025/26,2026-02-05,Nottingham Forest,"Netz, Luca",0,Senior Registered Squad,Premier League updated squad lists after January 2026 transfer window
2025/26,2026-02-05,Nottingham Forest,"Ortega Moreno, Stefan",0,Senior Registered Squad,Premier League updated squad lists after January 2026 transfer window
2025/26,2026-02-05,Nottingham Forest,"Rodrigues Da Silva, Felipe",0,Senior Registered Squad,Premier League updated squad lists after January 2026 transfer window
2025/26,2026-02-05,Nottingham Forest,"Sangare, Ibrahim",0,Senior Registered Squad,Premier League updated squad lists after January 2026 transfer window
2025/26,2026-02-05,Nottingham Forest,"Savona, Nicolo",0,Senior Registered Squad,Premier League updated squad lists after January 2026 transfer window
2025/26,2026-02-05,Nottingham Forest,"Sels, Matz Willy Els",0,Senior Registered Squad,Premier League updated squad lists after January 2026 transfer window
2025/26,2026-02-05,Nottingham Forest,"Williams, Neco Shay",1,Senior Registered Squad,Premier League updated squad lists after January 2026 transfer window
2025/26,2026-02-05,Nottingham Forest,"Wood, Christopher Grant",1,Senior Registered Squad,Premier League updated squad lists after January 2026 transfer window
2025/26,2026-02-05,Nottingham Forest,"Yates, Ryan James",1,Senior Registered Squad,Premier League updated squad lists after January 2026 transfer window
2025/26,2026-02-05,Sunderland,"Alderete Fernandez, Omar Federico",0,Senior Registered Squad,Premier League updated squad lists after January 2026 transfer window
2025/26,2026-02-05,Sunderland,"Ba, Abdoullah Mustapha",0,Senior Registered Squad,Premier League updated squad lists after January 2026 transfer window
2025/26,2026-02-05,Sunderland,"Ballard, Daniel George",1,Senior Registered Squad,Premier League updated squad lists after January 2026 transfer window
2025/26,2026-02-05,Sunderland,"Brobbey, Brian Ebenezer Adjai",0,Senior Registered Squad,Premier League updated squad lists after January 2026 transfer window
2025/26,2026-02-05,Sunderland,"Cirkin, Dennis",1,Senior Registered Squad,Premier League updated squad lists after January 2026 transfer window
2025/26,2026-02-05,Sunderland,"Ellborg, Melker Ake",0,Senior Registered Squad,Premier League updated squad lists after January 2026 transfer window
2025/26,2026-02-05,Sunderland,"Geertruida, Lutsharel Emiliano",0,Senior Registered Squad,Premier League updated squad lists after January 2026 transfer window
2025/26,2026-02-05,Sunderland,"Hume, Trai",0,Senior Registered Squad,Premier League updated squad lists after January 2026 transfer window
2025/26,2026-02-05,Sunderland,"Isidor, Wilson",0,Senior Registered Squad,Premier League updated squad lists after January 2026 transfer window
2025/26,2026-02-05,Sunderland,"Le Fée, Enzo Jérémy",0,Senior Registered Squad,Premier League updated squad lists after January 2026 transfer window
2025/26,2026-02-05,Sunderland,"Mandava, Reinildo Isnard",0,Senior Registered Squad,Premier League updated squad lists after January 2026 transfer window
2025/26,2026-02-05,Sunderland,"Moore, Simon William",1,Senior Registered Squad,Premier League updated squad lists after January 2026 transfer window
2025/26,2026-02-05,Sunderland,"Mukiele Mulere, Nordi",0,Senior Registered Squad,Premier League updated squad lists after January 2026 transfer window
2025/26,2026-02-05,Sunderland,"Mundle, Romaine Lee",1,Senior Registered Squad,Premier League updated squad lists after January 2026 transfer window
2025/26,2026-02-05,Sunderland,"O'Nien, Luke Terry",1,Senior Registered Squad,Premier League updated squad lists after January 2026 transfer window
2025/26,2026-02-05,Sunderland,"Poveda-Ocampo, Ian Carlo",1,Senior Registered Squad,Premier League updated squad lists after January 2026 transfer window
2025/26,2026-02-05,Sunderland,"Ramirez, Nilson David Angulo",0,Senior Registered Squad,Premier League updated squad lists after January 2026 transfer window
2025/26,2026-02-05,Sunderland,"Richardson, Adam Lee",1,Senior Registered Squad,Premier League updated squad lists after January 2026 transfer window
2025/26,2026-02-05,Sunderland,"Roefs, Robin Gerardus Petrus",0,Senior Registered Squad,Premier League updated squad lists after January 2026 transfer window
2025/26,2026-02-05,Sunderland,"Traore, Bertrand Isidore",0,Senior Registered Squad,Premier League updated squad lists after January 2026 transfer window
2025/26,2026-02-05,Sunderland,"Xhaka, Granit",0,Senior Registered Squad,Premier League updated squad lists after January 2026 transfer window
2025/26,2026-02-05,Tottenham Hotspur,"Austin, Brandon Anthony",1,Senior Registered Squad,Premier League updated squad lists after January 2026 transfer window
2025/26,2026-02-05,Tottenham Hotspur,"Bentancur, Rodrigo",0,Senior Registered Squad,Premier League updated squad lists after January 2026 transfer window
2025/26,2026-02-05,Tottenham Hotspur,"Bissouma, Yves",0,Senior Registered Squad,Premier League updated squad lists after January 2026 transfer window
2025/26,2026-02-05,Tottenham Hotspur,"Craig, Matthew George",1,Senior Registered Squad,Premier League updated squad lists after January 2026 transfer window
2025/26,2026-02-05,Tottenham Hotspur,"Danso, Kevin",1,Senior Registered Squad,Premier League updated squad lists after January 2026 transfer window
2025/26,2026-02-05,Tottenham Hotspur,"Davies, Benjamin Thomas",1,Senior Registered Squad,Premier League updated squad lists after January 2026 transfer window
2025/26,2026-02-05,Tottenham Hotspur,"De Andrade, Richarlison",0,Senior Registered Squad,Premier League updated squad lists after January 2026 transfer window
2025/26,2026-02-05,Tottenham Hotspur,"Dragusin, Radu-Matei",0,Senior Registered Squad,Premier League updated squad lists after January 2026 transfer window
2025/26,2026-02-05,Tottenham Hotspur,"Gallagher, Conor",1,Senior Registered Squad,Premier League updated squad lists after January 2026 transfer window
2025/26,2026-02-05,Tottenham Hotspur,"Kinsky, Antonin",0,Senior Registered Squad,Premier League updated squad lists after January 2026 transfer window
2025/26,2026-02-05,Tottenham Hotspur,"Kolo Muani, Randal",0,Senior Registered Squad,Premier League updated squad lists after January 2026 transfer window
2025/26,2026-02-05,Tottenham Hotspur,"Kudus, Mohammed",0,Senior Registered Squad,Premier League updated squad lists after January 2026 transfer window
2025/26,2026-02-05,Tottenham Hotspur,"Kulusevski, Dejan",0,Senior Registered Squad,Premier League updated squad lists after January 2026 transfer window
2025/26,2026-02-05,Tottenham Hotspur,"Lobo Alves P. Costa Palhinha Goncalves, Joao Maria",0,Senior Registered Squad,Premier League updated squad lists after January 2026 transfer window
2025/26,2026-02-05,Tottenham Hotspur,"Maddison, James",1,Senior Registered Squad,Premier League updated squad lists after January 2026 transfer window
2025/26,2026-02-05,Tottenham Hotspur,"Porro Sauceda, Pedro Antonio",0,Senior Registered Squad,Premier League updated squad lists after January 2026 transfer window
2025/26,2026-02-05,Tottenham Hotspur,"Romero, Cristian Gabriel",0,Senior Registered Squad,Premier League updated squad lists after January 2026 transfer window
2025/26,2026-02-05,Tottenham Hotspur,"Sarr, Pape Matar",0,Senior Registered Squad,Premier League updated squad lists after January 2026 transfer window
2025/26,2026-02-05,Tottenham Hotspur,"Simons, Xavi Quentin Shay",0,Senior Registered Squad,Premier League updated squad lists after January 2026 transfer window
2025/26,2026-02-05,Tottenham Hotspur,"Solanke-Mitchell, Dominic Ayodele",1,Senior Registered Squad,Premier League updated squad lists after January 2026 transfer window
2025/26,2026-02-05,Tottenham Hotspur,"Spence, Diop Djed",1,Senior Registered Squad,Premier League updated squad lists after January 2026 transfer window
2025/26,2026-02-05,Tottenham Hotspur,"Udogie, Iyenoma Destiny",0,Senior Registered Squad,Premier League updated squad lists after January 2026 transfer window
2025/26,2026-02-05,Tottenham Hotspur,"Van De Ven, Micky",0,Senior Registered Squad,Premier League updated squad lists after January 2026 transfer window
2025/26,2026-02-05,Tottenham Hotspur,"Vicario, Guglielmo",0,Senior Registered Squad,Premier League updated squad lists after January 2026 transfer window
2025/26,2026-02-05,West Ham United,"Areola, Alphonse Francis",0,Senior Registered Squad,Premier League updated squad lists after January 2026 transfer window
2025/26,2026-02-05,West Ham United,"Bowen, Jarrod",1,Senior Registered Squad,Premier League updated squad lists after January 2026 transfer window
2025/26,2026-02-05,West Ham United,"Castellanos Gimenez, Valentin Mariano Jose",0,Senior Registered Squad,Premier League updated squad lists after January 2026 transfer window
2025/26,2026-02-05,West Ham United,"Disasi Mhakinis Belho, Axel",0,Senior Registered Squad,Premier League updated squad lists after January 2026 transfer window
2025/26,2026-02-05,West Ham United,"Fabianski, Lukasz Marek",0,Senior Registered Squad,Premier League updated squad lists after January 2026 transfer window
2025/26,2026-02-05,West Ham United,"Hermansen, Mads",0,Senior Registered Squad,Premier League updated squad lists after January 2026 transfer window
2025/26,2026-02-05,West Ham United,"Kilman, Maximilian",1,Senior Registered Squad,Premier League updated squad lists after January 2026 transfer window
2025/26,2026-02-05,West Ham United,"Lamadrid Briceno, Keiber Alberto",0,Senior Registered Squad,Premier League updated squad lists after January 2026 transfer window
2025/26,2026-02-05,West Ham United,"Magassa, Soungoutou",0,Senior Registered Squad,Premier League updated squad lists after January 2026 transfer window
2025/26,2026-02-05,West Ham United,"Mavropanos, Konstantinos",0,Senior Registered Squad,Premier League updated squad lists after January 2026 transfer window
2025/26,2026-02-05,West Ham United,"Potts, Freddie",1,Senior Registered Squad,Premier League updated squad lists after January 2026 transfer window
2025/26,2026-02-05,West Ham United,"Soucek, Tomas",0,Senior Registered Squad,Premier League updated squad lists after January 2026 transfer window
2025/26,2026-02-05,West Ham United,"Summerville, Crysencio Jilbert Sylverio Cirro",1,Senior Registered Squad,Premier League updated squad lists after January 2026 transfer window
2025/26,2026-02-05,West Ham United,"Todibo, Jean-Clair Dimitri Roger",0,Senior Registered Squad,Premier League updated squad lists after January 2026 transfer window
2025/26,2026-02-05,West Ham United,"Traore Diarra, Adama",0,Senior Registered Squad,Premier League updated squad lists after January 2026 transfer window
2025/26,2026-02-05,West Ham United,"Walker-Peters, Kyle Leonardus",1,Senior Registered Squad,Premier League updated squad lists after January 2026 transfer window
2025/26,2026-02-05,West Ham United,"Wan-Bissaka, Aaron",1,Senior Registered Squad,Premier League updated squad lists after January 2026 transfer window
2025/26,2026-02-05,West Ham United,"Wilson, Callum Eddie Graham",1,Senior Registered Squad,Premier League updated squad lists after January 2026 transfer window
2025/26,2026-02-05,Wolverhampton Wanderers,"Agbadou, Badobre Emmanuel Elysee Djedje",0,Senior Registered Squad,Premier League updated squad lists after January 2026 transfer window
2025/26,2026-02-05,Wolverhampton Wanderers,"Arias Andrade, Jhon Adolfo",0,Senior Registered Squad,Premier League updated squad lists after January 2026 transfer window
2025/26,2026-02-05,Wolverhampton Wanderers,"Armstrong, Adam James",1,Senior Registered Squad,Premier League updated squad lists after January 2026 transfer window
2025/26,2026-02-05,Wolverhampton Wanderers,"Arokodare, Toluwalase Emmanuel",0,Senior Registered Squad,Premier League updated squad lists after January 2026 transfer window
2025/26,2026-02-05,Wolverhampton Wanderers,"Bellegarde, Jeanricner",0,Senior Registered Squad,Premier League updated squad lists after January 2026 transfer window
2025/26,2026-02-05,Wolverhampton Wanderers,"Bentley, Daniel Ian",1,Senior Registered Squad,Premier League updated squad lists after January 2026 transfer window
2025/26,2026-02-05,Wolverhampton Wanderers,"Bueno Lopez, Hugo",1,Senior Registered Squad,Premier League updated squad lists after January 2026 transfer window
2025/26,2026-02-05,Wolverhampton Wanderers,"Doherty, Matthew James",1,Senior Registered Squad,Premier League updated squad lists after January 2026 transfer window
2025/26,2026-02-05,Wolverhampton Wanderers,"Gomes, Adilson Angel Abreu Almeida",1,Senior Registered Squad,Premier League updated squad lists after January 2026 transfer window
2025/26,2026-02-05,Wolverhampton Wanderers,"Gomes, Tote Antonio",0,Senior Registered Squad,Premier League updated squad lists after January 2026 transfer window
2025/26,2026-02-05,Wolverhampton Wanderers,"Gomes Da Silva, Joao Victor",0,Senior Registered Squad,Premier League updated squad lists after January 2026 transfer window
2025/26,2026-02-05,Wolverhampton Wanderers,"Griffiths, Harvey Lawson",1,Senior Registered Squad,Premier League updated squad lists after January 2026 transfer window
2025/26,2026-02-05,Wolverhampton Wanderers,"Hwang, Hee-Chan",0,Senior Registered Squad,Premier League updated squad lists after January 2026 transfer window
2025/26,2026-02-05,Wolverhampton Wanderers,"Ignacio Bueno, Santiago",0,Senior Registered Squad,Premier League updated squad lists after January 2026 transfer window
2025/26,2026-02-05,Wolverhampton Wanderers,"Johnstone, Samuel Luke",1,Senior Registered Squad,Premier League updated squad lists after January 2026 transfer window
2025/26,2026-02-05,Wolverhampton Wanderers,"Krejci, Ladislav",0,Senior Registered Squad,Premier League updated squad lists after January 2026 transfer window
2025/26,2026-02-05,Wolverhampton Wanderers,"Lembikisa, Dexter Joeng Woo",1,Senior Registered Squad,Premier League updated squad lists after January 2026 transfer window
2025/26,2026-02-05,Wolverhampton Wanderers,"Malheiro De Sa, Jose Pedro",0,Senior Registered Squad,Premier League updated squad lists after January 2026 transfer window
2025/26,2026-02-05,Wolverhampton Wanderers,"Martins Gomes, Rodrigo",0,Senior Registered Squad,Premier League updated squad lists after January 2026 transfer window
2025/26,2026-02-05,Wolverhampton Wanderers,"Mosquera Valdelamar, Yerson",0,Senior Registered Squad,Premier League updated squad lists after January 2026 transfer window
2025/26,2026-02-05,Wolverhampton Wanderers,"Tchatchoua, Jackson",0,Senior Registered Squad,Premier League updated squad lists after January 2026 transfer window
2025/26,2026-02-05,Wolverhampton Wanderers,"Trindade Da Costa Neto, Andre",0,Senior Registered Squad,Premier League updated squad lists after January 2026 transfer window
2025/26,2026-02-05,Wolverhampton Wanderers,"Wolfe, David Moller",0,Senior Registered Squad,Premier League updated squad lists after January 2026 transfer window
